filename,num_point,pore_depth,area_top,area_bottom,max_depth_top,max_depth_bottom
/Users/shomikverma/Documents/GitHub/graphite-modeling/fusion add-in/generate_dxf/dxf_geometries/test2D_10_pts_0.03_depth_1.dxf,10,0.03,0.13265288339847187,0.13779334496004866,0.027293534584797847,0.2706038548887951
/Users/shomikverma/Documents/GitHub/graphite-modeling/fusion add-in/generate_dxf/dxf_geometries/test2D_10_pts_0.03_depth_2.dxf,10,0.03,0.13562955682599817,0.13417082544849568,0.027667755385440043,0.27284895125887526
/Users/shomikverma/Documents/GitHub/graphite-modeling/fusion add-in/generate_dxf/dxf_geometries/test2D_10_pts_0.03_depth_3.dxf,10,0.03,0.13405201245176912,0.13620169891968664,0.027488668385223722,0.27137025916158203
/Users/shomikverma/Documents/GitHub/graphite-modeling/fusion add-in/generate_dxf/dxf_geometries/test2D_10_pts_0.03_depth_4.dxf,10,0.03,0.13588702300634714,0.13439405955028375,0.028332103445665988,0.27016206648110747
/Users/shomikverma/Documents/GitHub/graphite-modeling/fusion add-in/generate_dxf/dxf_geometries/test2D_10_pts_0.03_depth_5.dxf,10,0.03,0.13652408856282902,0.13329632766723462,0.029807768195094193,0.27123132362035296
/Users/shomikverma/Documents/GitHub/graphite-modeling/fusion add-in/generate_dxf/dxf_geometries/test2D_10_pts_0.03_depth_6.dxf,10,0.03,0.13613549987619897,0.133827306606408,0.029389781316428092,0.2725737287593771
/Users/shomikverma/Documents/GitHub/graphite-modeling/fusion add-in/generate_dxf/dxf_geometries/test2D_10_pts_0.03_depth_7.dxf,10,0.03,0.13557395518095164,0.13457453415426218,0.027123496929128472,0.27089095589781953
/Users/shomikverma/Documents/GitHub/graphite-modeling/fusion add-in/generate_dxf/dxf_geometries/test2D_10_pts_0.03_depth_8.dxf,10,0.03,0.13317087541037909,0.13706532243890326,0.028801823392019452,0.27232055735209293
/Users/shomikverma/Documents/GitHub/graphite-modeling/fusion add-in/generate_dxf/dxf_geometries/test2D_10_pts_0.03_depth_9.dxf,10,0.03,0.13317444955641017,0.13715553629355687,0.029619394256182912,0.27290263413874555
/Users/shomikverma/Documents/GitHub/graphite-modeling/fusion add-in/generate_dxf/dxf_geometries/test2D_10_pts_0.03_depth_0.dxf,10,0.03,0.13441387804205154,0.13534417216215888,0.029023514594600366,0.2718756387121738
/Users/shomikverma/Documents/GitHub/graphite-modeling/fusion add-in/generate_dxf/dxf_geometries/test2D_10_pts_0.03_depth_1.dxf,10,0.03,0.13501316897207813,0.13525931307009642,0.02750382434326077,0.2707820230554634
/Users/shomikverma/Documents/GitHub/graphite-modeling/fusion add-in/generate_dxf/dxf_geometries/test2D_10_pts_0.03_depth_2.dxf,10,0.03,0.13604813792621873,0.13418631316877308,0.028079892593449902,0.27056310507646203
/Users/shomikverma/Documents/GitHub/graphite-modeling/fusion add-in/generate_dxf/dxf_geometries/test2D_10_pts_0.03_depth_3.dxf,10,0.03,0.13316000916178616,0.13679494986414398,0.029761259714531002,0.2702286392652121
/Users/shomikverma/Documents/GitHub/graphite-modeling/fusion add-in/generate_dxf/dxf_geometries/test2D_10_pts_0.03_depth_4.dxf,10,0.03,0.1358612827229951,0.13448003444149553,0.028989899899807933,0.27082110827345934
/Users/shomikverma/Documents/GitHub/graphite-modeling/fusion add-in/generate_dxf/dxf_geometries/test2D_10_pts_0.03_depth_5.dxf,10,0.03,0.1375688726586018,0.13259918436495943,0.029674945439965485,0.2702660555619983
/Users/shomikverma/Documents/GitHub/graphite-modeling/fusion add-in/generate_dxf/dxf_geometries/test2D_10_pts_0.03_depth_6.dxf,10,0.03,0.13608567424864573,0.13386060156486726,0.028900947534064317,0.2703340807489073
/Users/shomikverma/Documents/GitHub/graphite-modeling/fusion add-in/generate_dxf/dxf_geometries/test2D_10_pts_0.03_depth_7.dxf,10,0.03,0.13638953658466052,0.13354239639144805,0.0295352855314632,0.2702745907141264
/Users/shomikverma/Documents/GitHub/graphite-modeling/fusion add-in/generate_dxf/dxf_geometries/test2D_10_pts_0.03_depth_8.dxf,10,0.03,0.13531336412586262,0.1354137825875178,0.029794633356899077,0.27096851369515473
/Users/shomikverma/Documents/GitHub/graphite-modeling/fusion add-in/generate_dxf/dxf_geometries/test2D_10_pts_0.03_depth_9.dxf,10,0.03,0.1318346429023504,0.13815141608061957,0.027824610385437504,0.2710938062727592
/Users/shomikverma/Documents/GitHub/graphite-modeling/fusion add-in/generate_dxf/dxf_geometries/test2D_10_pts_0.03_depth_0.dxf,10,0.03,0.13212607996486123,0.13808489415735908,0.028557580524670844,0.2703802911592455
/Users/shomikverma/Documents/GitHub/graphite-modeling/fusion add-in/generate_dxf/dxf_geometries/test2D_20_pts_0.03_depth_1.dxf,20,0.03,0.13299708186789513,0.1368194201837671,0.029175287186296448,0.27044385469587345
/Users/shomikverma/Documents/GitHub/graphite-modeling/fusion add-in/generate_dxf/dxf_geometries/test2D_20_pts_0.03_depth_2.dxf,20,0.03,0.13439129210241058,0.1354483536898817,0.028769692580955644,0.27097246448048745
/Users/shomikverma/Documents/GitHub/graphite-modeling/fusion add-in/generate_dxf/dxf_geometries/test2D_20_pts_0.03_depth_3.dxf,20,0.03,0.13394815777301758,0.13619659910447718,0.0295709714264056,0.27109609671051677
/Users/shomikverma/Documents/GitHub/graphite-modeling/fusion add-in/generate_dxf/dxf_geometries/test2D_20_pts_0.03_depth_4.dxf,20,0.03,0.1360206871186553,0.13399033062662072,0.0290080624624887,0.2703340510753724
/Users/shomikverma/Documents/GitHub/graphite-modeling/fusion add-in/generate_dxf/dxf_geometries/test2D_20_pts_0.03_depth_5.dxf,20,0.03,0.13403278533574955,0.1360533311864782,0.028451242486062133,0.27129671003007483
/Users/shomikverma/Documents/GitHub/graphite-modeling/fusion add-in/generate_dxf/dxf_geometries/test2D_20_pts_0.03_depth_6.dxf,20,0.03,0.13668233234102012,0.13325077303236071,0.029658876035325278,0.2703583922996053
/Users/shomikverma/Documents/GitHub/graphite-modeling/fusion add-in/generate_dxf/dxf_geometries/test2D_20_pts_0.03_depth_7.dxf,20,0.03,0.13563287190938647,0.13375984873992322,0.029800572217656852,0.271135447811034
/Users/shomikverma/Documents/GitHub/graphite-modeling/fusion add-in/generate_dxf/dxf_geometries/test2D_20_pts_0.03_depth_8.dxf,20,0.03,0.1362215639349239,0.13379009672429673,0.02923461631314195,0.270427975044548
/Users/shomikverma/Documents/GitHub/graphite-modeling/fusion add-in/generate_dxf/dxf_geometries/test2D_20_pts_0.03_depth_9.dxf,20,0.03,0.1354718463320884,0.13483572707224784,0.029382016784222528,0.2725293211199633
/Users/shomikverma/Documents/GitHub/graphite-modeling/fusion add-in/generate_dxf/dxf_geometries/test2D_20_pts_0.03_depth_0.dxf,20,0.03,0.13429929198185944,0.1356291118852756,0.02998864597901356,0.270270669937574
/Users/shomikverma/Documents/GitHub/graphite-modeling/fusion add-in/generate_dxf/dxf_geometries/test2D_20_pts_0.03_depth_1.dxf,20,0.03,0.13458595698754858,0.13564746584801038,0.027936802666318424,0.2713619426740328
/Users/shomikverma/Documents/GitHub/graphite-modeling/fusion add-in/generate_dxf/dxf_geometries/test2D_20_pts_0.03_depth_2.dxf,20,0.03,0.1339573910688314,0.1360114720152443,0.028659392071171658,0.27061990020014837
/Users/shomikverma/Documents/GitHub/graphite-modeling/fusion add-in/generate_dxf/dxf_geometries/test2D_20_pts_0.03_depth_3.dxf,20,0.03,0.13464481117912527,0.13568272717883845,0.029896161423672022,0.2722163869324896
/Users/shomikverma/Documents/GitHub/graphite-modeling/fusion add-in/generate_dxf/dxf_geometries/test2D_20_pts_0.03_depth_4.dxf,20,0.03,0.13350341593943185,0.13627179593988553,0.02902090179270234,0.2710011662737934
/Users/shomikverma/Documents/GitHub/graphite-modeling/fusion add-in/generate_dxf/dxf_geometries/test2D_20_pts_0.03_depth_5.dxf,20,0.03,0.13550111223719982,0.13468312338522076,0.029614026159277638,0.2720731340424052
/Users/shomikverma/Documents/GitHub/graphite-modeling/fusion add-in/generate_dxf/dxf_geometries/test2D_20_pts_0.03_depth_6.dxf,20,0.03,0.13556914749383442,0.13461872039846073,0.029350542382938855,0.2702165977033392
/Users/shomikverma/Documents/GitHub/graphite-modeling/fusion add-in/generate_dxf/dxf_geometries/test2D_20_pts_0.03_depth_7.dxf,20,0.03,0.1351546810464291,0.135078221484808,0.0294364227451424,0.2721544410601163
/Users/shomikverma/Documents/GitHub/graphite-modeling/fusion add-in/generate_dxf/dxf_geometries/test2D_20_pts_0.03_depth_8.dxf,20,0.03,0.13638092276278824,0.1335795287476496,0.028341033133592073,0.27050114720695767
/Users/shomikverma/Documents/GitHub/graphite-modeling/fusion add-in/generate_dxf/dxf_geometries/test2D_20_pts_0.03_depth_9.dxf,20,0.03,0.13529529605770058,0.13448195776773766,0.028033791663697055,0.2711647584454004
/Users/shomikverma/Documents/GitHub/graphite-modeling/fusion add-in/generate_dxf/dxf_geometries/test2D_20_pts_0.03_depth_0.dxf,20,0.03,0.13409690222419163,0.13613638757897004,0.02717442106672328,0.27039076730103995
/Users/shomikverma/Documents/GitHub/graphite-modeling/fusion add-in/generate_dxf/dxf_geometries/test2D_10_pts_0.04_depth_1.dxf,10,0.04,0.13351497533414078,0.1364788376431031,0.03863270044416304,0.2608370807732212
/Users/shomikverma/Documents/GitHub/graphite-modeling/fusion add-in/generate_dxf/dxf_geometries/test2D_10_pts_0.04_depth_2.dxf,10,0.04,0.13369172097325785,0.13646414939183046,0.03900990007804995,0.2635727962520699
/Users/shomikverma/Documents/GitHub/graphite-modeling/fusion add-in/generate_dxf/dxf_geometries/test2D_10_pts_0.04_depth_3.dxf,10,0.04,0.1336350741983578,0.13628997912100083,0.03820518511772022,0.26065871316263495
/Users/shomikverma/Documents/GitHub/graphite-modeling/fusion add-in/generate_dxf/dxf_geometries/test2D_10_pts_0.04_depth_4.dxf,10,0.04,0.13297616925465158,0.13685141774526743,0.03644709526923902,0.2637832911923876
/Users/shomikverma/Documents/GitHub/graphite-modeling/fusion add-in/generate_dxf/dxf_geometries/test2D_10_pts_0.04_depth_5.dxf,10,0.04,0.13135190669533356,0.1388564705048566,0.03894934217981622,0.2607213567750421
/Users/shomikverma/Documents/GitHub/graphite-modeling/fusion add-in/generate_dxf/dxf_geometries/test2D_10_pts_0.04_depth_6.dxf,10,0.04,0.13048406523139416,0.139564011482788,0.03931145051776647,0.26142583186402435
/Users/shomikverma/Documents/GitHub/graphite-modeling/fusion add-in/generate_dxf/dxf_geometries/test2D_10_pts_0.04_depth_7.dxf,10,0.04,0.1356334325241872,0.13424598726745773,0.03694527282074797,0.2606039510565301
/Users/shomikverma/Documents/GitHub/graphite-modeling/fusion add-in/generate_dxf/dxf_geometries/test2D_10_pts_0.04_depth_8.dxf,10,0.04,0.13365046836077257,0.1367072230926973,0.03966623622854057,0.2600897243392761
/Users/shomikverma/Documents/GitHub/graphite-modeling/fusion add-in/generate_dxf/dxf_geometries/test2D_10_pts_0.04_depth_9.dxf,10,0.04,0.1318024315549473,0.13782488764834191,0.03924102396217329,0.2616099576696123
/Users/shomikverma/Documents/GitHub/graphite-modeling/fusion add-in/generate_dxf/dxf_geometries/test2D_10_pts_0.04_depth_0.dxf,10,0.04,0.13637190070300542,0.13302443945754172,0.039825196232202945,0.2615516672472536
/Users/shomikverma/Documents/GitHub/graphite-modeling/fusion add-in/generate_dxf/dxf_geometries/test2D_10_pts_0.04_depth_1.dxf,10,0.04,0.1369472340204715,0.13299578740271628,0.037527211710954696,0.263262588480009
/Users/shomikverma/Documents/GitHub/graphite-modeling/fusion add-in/generate_dxf/dxf_geometries/test2D_10_pts_0.04_depth_2.dxf,10,0.04,0.13431994580548987,0.13574820703768645,0.037754415034785195,0.2608417106768899
/Users/shomikverma/Documents/GitHub/graphite-modeling/fusion add-in/generate_dxf/dxf_geometries/test2D_10_pts_0.04_depth_3.dxf,10,0.04,0.13419859433406148,0.13610872063551221,0.03655186819063127,0.2612096157050527
/Users/shomikverma/Documents/GitHub/graphite-modeling/fusion add-in/generate_dxf/dxf_geometries/test2D_10_pts_0.04_depth_4.dxf,10,0.04,0.13878952292738084,0.13135874152467691,0.037068875803978815,0.2617435757251074
/Users/shomikverma/Documents/GitHub/graphite-modeling/fusion add-in/generate_dxf/dxf_geometries/test2D_10_pts_0.04_depth_5.dxf,10,0.04,0.13625173872670168,0.1343496817777109,0.038313411419413905,0.263410520712931
/Users/shomikverma/Documents/GitHub/graphite-modeling/fusion add-in/generate_dxf/dxf_geometries/test2D_10_pts_0.04_depth_6.dxf,10,0.04,0.13218921966952693,0.1374939620564264,0.039602412337006315,0.26354127798012345
/Users/shomikverma/Documents/GitHub/graphite-modeling/fusion add-in/generate_dxf/dxf_geometries/test2D_10_pts_0.04_depth_7.dxf,10,0.04,0.13581235175933798,0.13382801186184484,0.03721014763778608,0.2611788372671717
/Users/shomikverma/Documents/GitHub/graphite-modeling/fusion add-in/generate_dxf/dxf_geometries/test2D_10_pts_0.04_depth_8.dxf,10,0.04,0.13658906446568186,0.1331506930310643,0.03966057584063275,0.26245380973819155
/Users/shomikverma/Documents/GitHub/graphite-modeling/fusion add-in/generate_dxf/dxf_geometries/test2D_10_pts_0.04_depth_9.dxf,10,0.04,0.13394334980846256,0.1362325334311521,0.03734255065667934,0.2639549767808051
/Users/shomikverma/Documents/GitHub/graphite-modeling/fusion add-in/generate_dxf/dxf_geometries/test2D_10_pts_0.04_depth_0.dxf,10,0.04,0.1365210804378209,0.13377723736221575,0.03620650768801424,0.2606362931729472
/Users/shomikverma/Documents/GitHub/graphite-modeling/fusion add-in/generate_dxf/dxf_geometries/test2D_20_pts_0.04_depth_1.dxf,20,0.04,0.13204254469821639,0.13769008832323895,0.03874780095527586,0.2603022462077451
/Users/shomikverma/Documents/GitHub/graphite-modeling/fusion add-in/generate_dxf/dxf_geometries/test2D_20_pts_0.04_depth_2.dxf,20,0.04,0.1361844351597169,0.13351377130190453,0.039412780356719336,0.2636498925959174
/Users/shomikverma/Documents/GitHub/graphite-modeling/fusion add-in/generate_dxf/dxf_geometries/test2D_20_pts_0.04_depth_3.dxf,20,0.04,0.1344612227808618,0.13574269685228518,0.036313312124936006,0.2620271750498889
/Users/shomikverma/Documents/GitHub/graphite-modeling/fusion add-in/generate_dxf/dxf_geometries/test2D_20_pts_0.04_depth_4.dxf,20,0.04,0.13604933951134698,0.13375591217177588,0.03904526457764096,0.2604219764098677
/Users/shomikverma/Documents/GitHub/graphite-modeling/fusion add-in/generate_dxf/dxf_geometries/test2D_20_pts_0.04_depth_5.dxf,20,0.04,0.13524400503019832,0.13477846321347148,0.039137182345433875,0.26113272533657794
/Users/shomikverma/Documents/GitHub/graphite-modeling/fusion add-in/generate_dxf/dxf_geometries/test2D_20_pts_0.04_depth_6.dxf,20,0.04,0.13287333646885063,0.13749987724810778,0.03882065948829919,0.2605092840175234
/Users/shomikverma/Documents/GitHub/graphite-modeling/fusion add-in/generate_dxf/dxf_geometries/test2D_20_pts_0.04_depth_7.dxf,20,0.04,0.137104308427412,0.13288194487236352,0.039442330733104464,0.2621059769562951
/Users/shomikverma/Documents/GitHub/graphite-modeling/fusion add-in/generate_dxf/dxf_geometries/test2D_20_pts_0.04_depth_8.dxf,20,0.04,0.13514450757051832,0.13477027824371385,0.03930536123172347,0.2606150377621861
/Users/shomikverma/Documents/GitHub/graphite-modeling/fusion add-in/generate_dxf/dxf_geometries/test2D_20_pts_0.04_depth_9.dxf,20,0.04,0.13483820264740037,0.13484622257131376,0.03802774856426247,0.2636935658409303
/Users/shomikverma/Documents/GitHub/graphite-modeling/fusion add-in/generate_dxf/dxf_geometries/test2D_20_pts_0.04_depth_0.dxf,20,0.04,0.1331640249644815,0.13666214320903122,0.03940787736504822,0.2616173819070264
/Users/shomikverma/Documents/GitHub/graphite-modeling/fusion add-in/generate_dxf/dxf_geometries/test2D_20_pts_0.04_depth_1.dxf,20,0.04,0.13237093630425914,0.137376428440857,0.03840327502759692,0.263890741209969
/Users/shomikverma/Documents/GitHub/graphite-modeling/fusion add-in/generate_dxf/dxf_geometries/test2D_20_pts_0.04_depth_2.dxf,20,0.04,0.1339678322781824,0.13593616362792774,0.03940566430399128,0.26123752912684245
/Users/shomikverma/Documents/GitHub/graphite-modeling/fusion add-in/generate_dxf/dxf_geometries/test2D_20_pts_0.04_depth_3.dxf,20,0.04,0.13549179915425,0.13443976852491255,0.03794789965589584,0.2616248414410181
/Users/shomikverma/Documents/GitHub/graphite-modeling/fusion add-in/generate_dxf/dxf_geometries/test2D_20_pts_0.04_depth_4.dxf,20,0.04,0.1370858619189372,0.13304441299878364,0.038712388008593786,0.2610609512344504
/Users/shomikverma/Documents/GitHub/graphite-modeling/fusion add-in/generate_dxf/dxf_geometries/test2D_20_pts_0.04_depth_5.dxf,20,0.04,0.13605388351474013,0.1340177837552044,0.038656652211393465,0.26360828199690356
/Users/shomikverma/Documents/GitHub/graphite-modeling/fusion add-in/generate_dxf/dxf_geometries/test2D_20_pts_0.04_depth_6.dxf,20,0.04,0.13351427699969767,0.13642283627270946,0.038029151215866634,0.26250350855205357
/Users/shomikverma/Documents/GitHub/graphite-modeling/fusion add-in/generate_dxf/dxf_geometries/test2D_20_pts_0.04_depth_7.dxf,20,0.04,0.13598369692326584,0.13408689462460466,0.03775542364838094,0.26272191596876715
/Users/shomikverma/Documents/GitHub/graphite-modeling/fusion add-in/generate_dxf/dxf_geometries/test2D_20_pts_0.04_depth_8.dxf,20,0.04,0.13345295231109738,0.13695277853060964,0.03931751608065826,0.2638851662021172
/Users/shomikverma/Documents/GitHub/graphite-modeling/fusion add-in/generate_dxf/dxf_geometries/test2D_20_pts_0.04_depth_9.dxf,20,0.04,0.13441135095020218,0.13577967768703839,0.036585385252932937,0.2607152966124976
/Users/shomikverma/Documents/GitHub/graphite-modeling/fusion add-in/generate_dxf/dxf_geometries/test2D_20_pts_0.04_depth_0.dxf,20,0.04,0.1362127754250339,0.13370913398842732,0.03685060418211638,0.2637420850935856
/Users/shomikverma/Documents/GitHub/graphite-modeling/fusion add-in/generate_dxf/dxf_geometries/test2D_10_pts_0.05_depth_1.dxf,10,0.05,0.1333852011943361,0.13624420524484093,0.04920295670156448,0.25008489813185
/Users/shomikverma/Documents/GitHub/graphite-modeling/fusion add-in/generate_dxf/dxf_geometries/test2D_10_pts_0.05_depth_2.dxf,10,0.05,0.1350163016564352,0.13512519716157223,0.04681300389215747,0.25036033772755156
/Users/shomikverma/Documents/GitHub/graphite-modeling/fusion add-in/generate_dxf/dxf_geometries/test2D_10_pts_0.05_depth_3.dxf,10,0.05,0.13649994293458104,0.13354982524888778,0.049001261845575884,0.2504012360215018
/Users/shomikverma/Documents/GitHub/graphite-modeling/fusion add-in/generate_dxf/dxf_geometries/test2D_10_pts_0.05_depth_4.dxf,10,0.05,0.13094585525681576,0.1382194195714321,0.0472252747062532,0.25094941398679727
/Users/shomikverma/Documents/GitHub/graphite-modeling/fusion add-in/generate_dxf/dxf_geometries/test2D_10_pts_0.05_depth_5.dxf,10,0.05,0.139614802984514,0.13001212126094736,0.04664026529257581,0.2528066889476678
/Users/shomikverma/Documents/GitHub/graphite-modeling/fusion add-in/generate_dxf/dxf_geometries/test2D_10_pts_0.05_depth_6.dxf,10,0.05,0.13602727948285756,0.13366626483336566,0.04927353878843932,0.2510270225688652
/Users/shomikverma/Documents/GitHub/graphite-modeling/fusion add-in/generate_dxf/dxf_geometries/test2D_10_pts_0.05_depth_7.dxf,10,0.05,0.1308668924822475,0.13935621534057438,0.047213391041848456,0.25443562940204484
/Users/shomikverma/Documents/GitHub/graphite-modeling/fusion add-in/generate_dxf/dxf_geometries/test2D_10_pts_0.05_depth_8.dxf,10,0.05,0.13201859026887774,0.13822204580901282,0.04930413066153155,0.2502728549729837
/Users/shomikverma/Documents/GitHub/graphite-modeling/fusion add-in/generate_dxf/dxf_geometries/test2D_10_pts_0.05_depth_9.dxf,10,0.05,0.13592002577926854,0.13395384395312657,0.04825158590063516,0.25390384275833705
/Users/shomikverma/Documents/GitHub/graphite-modeling/fusion add-in/generate_dxf/dxf_geometries/test2D_10_pts_0.05_depth_0.dxf,10,0.05,0.13848076254703023,0.13110481442102656,0.04941213440849789,0.2527816200308126
/Users/shomikverma/Documents/GitHub/graphite-modeling/fusion add-in/generate_dxf/dxf_geometries/test2D_10_pts_0.05_depth_1.dxf,10,0.05,0.1367450327522891,0.1333509958791699,0.04543721345085096,0.2523100889550965
/Users/shomikverma/Documents/GitHub/graphite-modeling/fusion add-in/generate_dxf/dxf_geometries/test2D_10_pts_0.05_depth_2.dxf,10,0.05,0.13529730439246246,0.13420444712947516,0.04953122265970619,0.2513730450764321
/Users/shomikverma/Documents/GitHub/graphite-modeling/fusion add-in/generate_dxf/dxf_geometries/test2D_10_pts_0.05_depth_3.dxf,10,0.05,0.13964337329460336,0.1305802034647536,0.04996443135245594,0.25474956844777075
/Users/shomikverma/Documents/GitHub/graphite-modeling/fusion add-in/generate_dxf/dxf_geometries/test2D_10_pts_0.05_depth_4.dxf,10,0.05,0.134429763343039,0.13507730676225913,0.04677038309641842,0.25093232917586356
/Users/shomikverma/Documents/GitHub/graphite-modeling/fusion add-in/generate_dxf/dxf_geometries/test2D_10_pts_0.05_depth_5.dxf,10,0.05,0.13261603305949965,0.1375060463396704,0.047609085514648236,0.2529268839440922
/Users/shomikverma/Documents/GitHub/graphite-modeling/fusion add-in/generate_dxf/dxf_geometries/test2D_10_pts_0.05_depth_6.dxf,10,0.05,0.13816283543175803,0.13184247920959133,0.04741712542394885,0.25410792792443926
/Users/shomikverma/Documents/GitHub/graphite-modeling/fusion add-in/generate_dxf/dxf_geometries/test2D_10_pts_0.05_depth_7.dxf,10,0.05,0.13514504941753291,0.13474296372906747,0.045105562642266166,0.2527392827727279
/Users/shomikverma/Documents/GitHub/graphite-modeling/fusion add-in/generate_dxf/dxf_geometries/test2D_10_pts_0.05_depth_8.dxf,10,0.05,0.1359903367567964,0.13382977886441944,0.047406385273146084,0.25332303434849324
/Users/shomikverma/Documents/GitHub/graphite-modeling/fusion add-in/generate_dxf/dxf_geometries/test2D_10_pts_0.05_depth_9.dxf,10,0.05,0.13550076195300348,0.13452433961390867,0.04818628701056065,0.2535676369903126
/Users/shomikverma/Documents/GitHub/graphite-modeling/fusion add-in/generate_dxf/dxf_geometries/test2D_10_pts_0.05_depth_0.dxf,10,0.05,0.13942251623580598,0.13071767750470042,0.04922115388469128,0.2509882177237821
/Users/shomikverma/Documents/GitHub/graphite-modeling/fusion add-in/generate_dxf/dxf_geometries/test2D_20_pts_0.05_depth_1.dxf,20,0.05,0.13431692003084772,0.13603765595162712,0.045501068460590884,0.2514843819165874
/Users/shomikverma/Documents/GitHub/graphite-modeling/fusion add-in/generate_dxf/dxf_geometries/test2D_20_pts_0.05_depth_2.dxf,20,0.05,0.13354842103948156,0.13632366313340152,0.04680665426421951,0.2521285064883445
/Users/shomikverma/Documents/GitHub/graphite-modeling/fusion add-in/generate_dxf/dxf_geometries/test2D_20_pts_0.05_depth_3.dxf,20,0.05,0.13384177359041477,0.13599363084402138,0.047455922761261794,0.2504639619157924
/Users/shomikverma/Documents/GitHub/graphite-modeling/fusion add-in/generate_dxf/dxf_geometries/test2D_20_pts_0.05_depth_4.dxf,20,0.05,0.13656011721192726,0.133662462497479,0.04548559327234303,0.2526076430699703
/Users/shomikverma/Documents/GitHub/graphite-modeling/fusion add-in/generate_dxf/dxf_geometries/test2D_20_pts_0.05_depth_5.dxf,20,0.05,0.13777747822297365,0.13206214275277722,0.045852183141285245,0.2548206342731
/Users/shomikverma/Documents/GitHub/graphite-modeling/fusion add-in/generate_dxf/dxf_geometries/test2D_20_pts_0.05_depth_6.dxf,20,0.05,0.13410967203346308,0.13445196104895374,0.0459792367551137,0.2547961130397667
/Users/shomikverma/Documents/GitHub/graphite-modeling/fusion add-in/generate_dxf/dxf_geometries/test2D_20_pts_0.05_depth_7.dxf,20,0.05,0.13531150744604262,0.1344406247583018,0.04760201743843021,0.2500588376324262
/Users/shomikverma/Documents/GitHub/graphite-modeling/fusion add-in/generate_dxf/dxf_geometries/test2D_20_pts_0.05_depth_8.dxf,20,0.05,0.13400996696336512,0.13605115104445822,0.046502624828745565,0.2529488319253072
/Users/shomikverma/Documents/GitHub/graphite-modeling/fusion add-in/generate_dxf/dxf_geometries/test2D_20_pts_0.05_depth_9.dxf,20,0.05,0.1367751005890373,0.13295461820626028,0.04624897948518573,0.2525543776128586
/Users/shomikverma/Documents/GitHub/graphite-modeling/fusion add-in/generate_dxf/dxf_geometries/test2D_20_pts_0.05_depth_0.dxf,20,0.05,0.13216544389172735,0.13814861497047906,0.047673815828344124,0.2536002282288424
/Users/shomikverma/Documents/GitHub/graphite-modeling/fusion add-in/generate_dxf/dxf_geometries/test2D_20_pts_0.05_depth_1.dxf,20,0.05,0.1319962484735485,0.13780525121488926,0.04889986456095978,0.2507693639192715
/Users/shomikverma/Documents/GitHub/graphite-modeling/fusion add-in/generate_dxf/dxf_geometries/test2D_20_pts_0.05_depth_2.dxf,20,0.05,0.13341110852872365,0.13623485711473723,0.04511386755732255,0.25094592502389634
/Users/shomikverma/Documents/GitHub/graphite-modeling/fusion add-in/generate_dxf/dxf_geometries/test2D_20_pts_0.05_depth_3.dxf,20,0.05,0.13717536432543656,0.1328002889068953,0.04917056170534649,0.25343976198346435
/Users/shomikverma/Documents/GitHub/graphite-modeling/fusion add-in/generate_dxf/dxf_geometries/test2D_20_pts_0.05_depth_4.dxf,20,0.05,0.13724600484008925,0.13227769366588496,0.04979834704749636,0.2522862592840126
/Users/shomikverma/Documents/GitHub/graphite-modeling/fusion add-in/generate_dxf/dxf_geometries/test2D_20_pts_0.05_depth_5.dxf,20,0.05,0.14027754376390125,0.1299745943480247,0.049194533722364125,0.2514878554436829
/Users/shomikverma/Documents/GitHub/graphite-modeling/fusion add-in/generate_dxf/dxf_geometries/test2D_20_pts_0.05_depth_6.dxf,20,0.05,0.13273265334864423,0.13693817837454644,0.048186139519179626,0.2523801147034612
/Users/shomikverma/Documents/GitHub/graphite-modeling/fusion add-in/generate_dxf/dxf_geometries/test2D_20_pts_0.05_depth_7.dxf,20,0.05,0.1357630014750456,0.13416382386070355,0.04835697320876692,0.2517872980379987
/Users/shomikverma/Documents/GitHub/graphite-modeling/fusion add-in/generate_dxf/dxf_geometries/test2D_20_pts_0.05_depth_8.dxf,20,0.05,0.13436392587701748,0.13526203109079085,0.04816005843132536,0.2533903500001793
/Users/shomikverma/Documents/GitHub/graphite-modeling/fusion add-in/generate_dxf/dxf_geometries/test2D_20_pts_0.05_depth_9.dxf,20,0.05,0.1369656540789653,0.13271075373731275,0.04846466733431367,0.2506946661405223
/Users/shomikverma/Documents/GitHub/graphite-modeling/fusion add-in/generate_dxf/dxf_geometries/test2D_20_pts_0.05_depth_0.dxf,20,0.05,0.1359957291682263,0.1341887158542714,0.049362790497805495,0.25477150975442897
/Users/shomikverma/Documents/GitHub/graphite-modeling/fusion add-in/generate_dxf/dxf_geometries/test2D_10_pts_0.06_depth_1.dxf,10,0.06,0.13568056788459557,0.13463653484974822,0.0574028292944481,0.24097584539624253
/Users/shomikverma/Documents/GitHub/graphite-modeling/fusion add-in/generate_dxf/dxf_geometries/test2D_10_pts_0.06_depth_2.dxf,10,0.06,0.13581933908718563,0.13370981494404213,0.05786840015295325,0.24575476682604092
/Users/shomikverma/Documents/GitHub/graphite-modeling/fusion add-in/generate_dxf/dxf_geometries/test2D_10_pts_0.06_depth_3.dxf,10,0.06,0.13292739490436642,0.13706999292073765,0.055984617087004876,0.24216877276485704
/Users/shomikverma/Documents/GitHub/graphite-modeling/fusion add-in/generate_dxf/dxf_geometries/test2D_10_pts_0.06_depth_4.dxf,10,0.06,0.1336619514568332,0.13549906323838237,0.05416721534329808,0.24443062689526573
/Users/shomikverma/Documents/GitHub/graphite-modeling/fusion add-in/generate_dxf/dxf_geometries/test2D_10_pts_0.06_depth_5.dxf,10,0.06,0.1357168062541506,0.13361863911732566,0.05751576102665106,0.24527984277091888
/Users/shomikverma/Documents/GitHub/graphite-modeling/fusion add-in/generate_dxf/dxf_geometries/test2D_10_pts_0.06_depth_6.dxf,10,0.06,0.13777105602804826,0.13265067428805882,0.05635251050882353,0.24589221306638567
/Users/shomikverma/Documents/GitHub/graphite-modeling/fusion add-in/generate_dxf/dxf_geometries/test2D_10_pts_0.06_depth_7.dxf,10,0.06,0.1354775483531829,0.1338820639475622,0.058788086569440345,0.24253829485595407
/Users/shomikverma/Documents/GitHub/graphite-modeling/fusion add-in/generate_dxf/dxf_geometries/test2D_10_pts_0.06_depth_8.dxf,10,0.06,0.13497630959797757,0.13421319038592786,0.05758115941329546,0.24510186519386648
/Users/shomikverma/Documents/GitHub/graphite-modeling/fusion add-in/generate_dxf/dxf_geometries/test2D_10_pts_0.06_depth_9.dxf,10,0.06,0.13276812160968188,0.13679704972523768,0.05464817168601643,0.24102670362100656
/Users/shomikverma/Documents/GitHub/graphite-modeling/fusion add-in/generate_dxf/dxf_geometries/test2D_10_pts_0.06_depth_0.dxf,10,0.06,0.13928610678133496,0.13015216874049132,0.05812903422603628,0.24002923589070227
/Users/shomikverma/Documents/GitHub/graphite-modeling/fusion add-in/generate_dxf/dxf_geometries/test2D_10_pts_0.06_depth_1.dxf,10,0.06,0.13359008000504113,0.1361167644087402,0.05610715935867777,0.24509740956234416
/Users/shomikverma/Documents/GitHub/graphite-modeling/fusion add-in/generate_dxf/dxf_geometries/test2D_10_pts_0.06_depth_2.dxf,10,0.06,0.13181468697020848,0.13767616880482691,0.05469667952363765,0.2452328102411823
/Users/shomikverma/Documents/GitHub/graphite-modeling/fusion add-in/generate_dxf/dxf_geometries/test2D_10_pts_0.06_depth_3.dxf,10,0.06,0.1355858747011635,0.13389214882583045,0.0589356162784254,0.24379914440239756
/Users/shomikverma/Documents/GitHub/graphite-modeling/fusion add-in/generate_dxf/dxf_geometries/test2D_10_pts_0.06_depth_4.dxf,10,0.06,0.1331007842809177,0.1364079650421544,0.05440424828747951,0.2413677152681615
/Users/shomikverma/Documents/GitHub/graphite-modeling/fusion add-in/generate_dxf/dxf_geometries/test2D_10_pts_0.06_depth_5.dxf,10,0.06,0.13444660903412978,0.13489164003708615,0.05672774717936609,0.24314459775988356
/Users/shomikverma/Documents/GitHub/graphite-modeling/fusion add-in/generate_dxf/dxf_geometries/test2D_10_pts_0.06_depth_6.dxf,10,0.06,0.13983530762230761,0.12999572824761677,0.05802175956181778,0.2421532882227304
/Users/shomikverma/Documents/GitHub/graphite-modeling/fusion add-in/generate_dxf/dxf_geometries/test2D_10_pts_0.06_depth_7.dxf,10,0.06,0.13138263590545368,0.13844227616692686,0.056031703451007435,0.24564262307268492
/Users/shomikverma/Documents/GitHub/graphite-modeling/fusion add-in/generate_dxf/dxf_geometries/test2D_10_pts_0.06_depth_8.dxf,10,0.06,0.1358562769805815,0.13419385218815685,0.05943610660634023,0.2435498649570922
/Users/shomikverma/Documents/GitHub/graphite-modeling/fusion add-in/generate_dxf/dxf_geometries/test2D_10_pts_0.06_depth_9.dxf,10,0.06,0.13096903552426456,0.13904189757609967,0.055794770672927235,0.24572234996593084
/Users/shomikverma/Documents/GitHub/graphite-modeling/fusion add-in/generate_dxf/dxf_geometries/test2D_10_pts_0.06_depth_0.dxf,10,0.06,0.12981427079929805,0.13989541201893105,0.054429394393701265,0.24285545354155386
